userId,Action,Adventure,Animation,Children,Comedy,Crime,Documentary,Drama,Fantasy,Film-Noir,Horror,IMAX,Musical,Mystery,Romance,Sci-Fi,Thriller,War,Western
1,89,84,29,42,81,43,0,67,45,1,13,0,22,16,26,40,51,22,7
2,11,3,0,0,7,9,3,16,0,0,1,4,0,2,1,4,9,1,1
3,10,6,0,0,1,0,0,1,3,0,8,0,0,1,0,13,6,0,0
4,18,23,6,9,83,22,2,92,15,3,4,1,15,16,45,6,27,5,8
5,7,6,6,9,13,12,0,24,7,0,1,3,5,1,8,1,8,2,1
6,60,46,14,46,113,29,0,135,25,1,19,3,12,14,67,19,63,11,11
7,48,40,11,11,33,20,0,41,15,2,4,5,8,12,16,30,35,8,0
8,10,8,1,4,21,8,0,18,4,0,2,2,1,3,14,4,15,3,1
9,6,9,1,1,13,6,0,18,2,1,0,1,1,3,4,5,6,2,1
10,23,28,15,13,67,9,0,58,16,0,1,16,8,2,71,3,10,4,0
11,41,17,0,0,10,12,0,23,0,0,1,1,0,3,13,8,30,6,2
12,2,2,1,0,18,1,0,16,4,0,0,0,0,0,21,3,3,1,0
13,10,6,0,0,10,3,0,14,1,0,5,0,0,2,6,5,10,2,1
14,9,8,0,2,12,4,0,24,0,0,1,1,1,2,14,2,11,4,4
15,44,44,19,16,24,17,0,49,11,0,11,14,4,11,13,48,38,5,1
16,23,20,12,8,25,24,1,47,16,5,5,4,0,13,13,16,29,10,1
17,39,35,10,7,19,32,1,51,17,2,3,6,3,10,7,20,27,9,6
18,205,142,31,34,141,137,9,218,52,8,12,37,12,56,42,108,166,16,11
19,87,100,33,55,197,47,0,74,58,8,43,1,22,39,75,60,100,7,7
20,31,70,63,103,93,19,2,66,44,0,10,5,55,13,38,18,26,4,0
21,205,164,48,52,174,65,0,75,50,2,6,57,11,16,58,95,111,8,4
22,21,14,7,7,23,20,2,43,6,1,3,3,1,7,11,6,20,3,1
23,27,18,10,3,24,39,2,76,14,11,3,1,0,22,11,17,38,5,3
24,55,33,2,2,49,23,0,38,15,0,4,10,1,13,31,25,33,7,0
25,15,14,3,3,2,4,0,12,3,0,0,3,0,2,1,9,4,4,0
26,8,4,0,1,5,8,0,8,0,0,1,1,0,1,2,0,13,1,0
27,38,51,17,36,36,6,0,39,16,1,0,2,12,3,22,25,12,12,10
28,157,102,5,4,72,121,2,300,25,5,21,13,4,44,31,104,166,48,23
29,29,20,1,2,9,15,2,49,3,1,2,5,2,7,6,17,20,22,9
30,25,19,5,3,5,7,0,7,4,0,1,8,0,1,2,17,5,1,0
31,15,14,4,6,19,2,1,13,7,0,2,0,5,1,13,8,11,1,0
32,29,17,2,6,41,19,1,44,11,0,2,0,2,7,29,9,31,3,1
33,14,10,6,8,51,24,0,102,5,2,2,1,6,8,48,7,25,8,1
34,44,23,7,1,26,10,0,18,11,0,8,2,0,5,13,19,23,2,2
35,4,5,1,2,10,4,0,8,2,0,0,2,1,1,8,1,4,0,1
36,12,7,0,0,8,10,0,16,1,1,1,0,0,7,7,2,10,4,0
37,6,7,1,2,7,7,0,8,2,0,1,1,2,0,1,4,8,1,1
38,14,12,4,7,31,7,1,29,6,0,1,2,4,3,21,3,15,6,3
39,27,28,20,19,25,23,0,31,15,1,12,1,13,7,8,18,22,1,1
40,21,21,7,17,36,13,0,47,12,0,2,3,6,3,20,8,15,3,6
41,19,20,12,8,78,42,0,108,14,2,7,1,2,15,52,9,42,7,2
42,90,56,5,7,162,56,3,153,19,1,11,2,7,24,78,30,92,18,11
43,31,34,13,32,44,16,0,42,17,0,5,3,12,4,25,15,29,3,3
44,17,16,3,2,18,4,0,9,2,0,2,0,1,1,6,6,13,0,0
45,99,96,31,48,194,47,1,114,39,0,15,7,27,18,65,68,81,14,3
46,18,13,4,4,12,12,0,15,3,0,2,2,3,3,6,7,18,3,3
47,5,9,0,2,19,15,7,92,3,0,2,5,5,6,22,6,15,5,1
48,22,13,4,4,8,2,0,8,5,0,3,2,2,2,4,18,15,0,0
49,7,4,4,5,5,3,0,10,0,0,2,3,0,2,1,9,4,4,0
50,49,44,35,21,85,37,14,109,30,2,10,8,11,20,27,31,45,11,6
51,74,59,13,22,149,45,2,113,36,3,46,4,12,20,63,53,72,11,8
52,73,39,14,13,35,36,3,64,11,0,6,16,3,12,18,27,51,12,2
53,4,1,0,0,6,2,0,10,0,1,1,0,2,1,6,2,3,1,0
54,6,6,3,4,11,7,0,15,3,0,1,2,2,3,6,4,13,3,1
55,7,2,0,0,5,10,0,7,1,0,0,0,0,2,0,1,8,1,0
56,24,12,1,2,16,13,0,17,3,0,3,1,1,2,4,9,21,3,0
57,128,105,31,36,172,54,1,150,42,11,10,4,27,30,82,68,87,33,15
58,24,15,8,10,44,16,0,46,10,0,1,3,9,6,28,8,32,5,3
59,31,20,2,2,21,16,2,58,5,6,5,1,0,17,20,12,39,24,0
60,3,6,2,5,2,6,0,15,2,0,0,1,2,2,5,0,6,3,0
61,10,4,0,0,4,13,0,18,4,0,5,0,0,5,3,8,15,3,3
62,164,129,11,21,88,63,0,142,66,1,21,48,5,42,42,112,112,18,5
63,98,79,33,29,99,53,7,89,35,5,9,19,10,21,30,50,64,15,1
64,121,99,33,49,207,94,6,233,67,3,53,7,28,55,104,57,137,27,9
65,15,7,0,0,5,11,0,25,4,0,0,6,0,6,3,9,12,6,0
66,99,68,16,18,144,58,0,149,39,4,23,1,6,25,59,44,79,14,10
67,20,11,5,5,17,10,0,12,3,0,0,1,0,2,4,9,9,3,2
68,354,260,75,93,447,163,33,424,123,3,77,55,44,69,258,163,284,46,20
69,18,11,0,0,9,7,0,18,1,1,5,0,0,5,4,16,13,2,4
70,3,8,1,4,18,7,2,51,4,0,1,1,0,2,14,6,2,5,1
71,20,15,1,5,7,3,0,5,4,0,0,0,1,2,6,9,13,1,0
72,17,10,0,0,9,8,0,20,0,0,3,2,0,4,8,10,14,4,1
73,63,56,21,21,109,26,0,66,23,0,4,24,4,12,32,31,30,5,2
74,14,11,0,0,27,36,1,159,6,4,11,0,1,16,28,8,49,11,5
75,25,20,5,5,7,8,0,17,8,0,4,1,3,9,8,19,18,2,2
76,25,16,0,0,23,33,1,40,6,0,14,6,0,13,2,20,35,7,3
77,18,14,1,1,4,4,0,5,5,0,0,6,0,3,2,9,6,0,0
78,28,18,1,2,21,10,0,8,2,0,3,2,0,2,6,14,20,3,0
79,37,19,0,0,13,11,5,20,4,1,6,0,4,2,6,14,22,5,0
80,77,33,1,3,11,43,0,70,13,1,47,24,0,36,4,55,118,6,0
81,9,5,0,0,2,6,0,6,0,0,0,1,0,2,1,5,10,2,0
82,107,64,10,15,106,51,1,44,23,0,13,2,7,13,31,35,60,7,8
83,28,27,9,7,15,11,0,65,13,0,5,10,4,10,19,21,22,21,0
84,31,24,2,17,112,32,4,165,16,3,11,1,17,15,92,14,46,17,8
85,0,1,0,1,4,0,0,25,1,0,0,0,0,2,6,1,1,2,0
86,30,28,12,11,14,9,0,27,17,0,2,6,2,6,17,17,18,5,1
87,2,5,3,5,9,0,0,11,5,0,2,0,1,1,2,6,3,0,0
88,16,7,0,0,9,17,0,32,5,0,3,3,0,10,3,6,21,4,2
89,49,71,79,85,391,37,4,88,47,0,34,7,12,14,78,26,20,9,4
90,3,4,1,2,22,5,4,32,2,0,1,0,3,1,18,4,6,1,0
91,189,126,35,30,151,92,8,173,62,2,89,7,17,44,57,112,186,19,16
92,4,8,3,8,9,1,0,10,4,0,3,1,3,1,4,3,3,2,0
93,46,56,4,17,36,8,0,26,19,0,3,1,1,2,23,22,22,4,4
94,16,16,2,6,17,9,0,19,5,0,1,2,2,2,6,7,18,4,3
95,57,44,5,5,54,35,2,70,10,3,5,4,2,12,28,57,45,4,0
96,33,22,2,4,17,14,0,27,5,1,3,1,2,7,8,12,24,5,1
97,22,14,2,3,9,6,0,11,2,0,1,1,0,0,5,7,11,4,0
98,23,28,17,17,31,6,0,31,14,0,11,8,7,5,13,21,14,3,0
99,17,7,1,1,18,13,0,18,0,0,2,1,1,2,10,2,20,2,3
100,25,17,2,6,82,12,0,71,10,0,1,1,12,5,79,6,16,6,5
101,11,7,3,2,18,7,0,23,2,0,5,1,2,5,4,7,11,0,0
102,22,13,2,4,21,13,0,18,0,0,2,2,2,3,14,4,23,3,5
103,79,103,53,86,152,62,2,171,68,4,14,25,26,22,53,35,61,12,8
104,45,74,42,56,171,15,0,68,46,1,2,14,40,7,93,27,23,7,2
105,164,138,106,62,242,132,22,361,86,6,30,33,14,70,124,93,147,44,7
106,19,25,2,5,6,2,0,9,20,0,2,11,0,4,1,6,7,0,0
107,11,13,1,3,13,7,0,17,4,0,1,1,0,1,5,5,9,3,3
108,7,10,2,3,28,5,0,44,2,0,0,1,1,4,36,11,9,1,1
109,25,16,6,11,45,20,1,61,8,1,5,2,6,5,24,11,36,6,6
110,13,5,0,1,19,13,1,29,0,0,1,0,0,4,8,3,13,6,0
111,116,98,52,57,409,77,19,123,61,0,19,20,26,25,105,36,72,5,4
112,24,18,4,3,8,11,0,21,5,0,2,6,1,5,4,17,15,4,1
113,5,5,3,8,51,14,0,78,7,2,7,0,5,16,71,3,24,5,0
114,13,20,4,5,10,3,0,7,11,0,2,8,1,1,3,9,5,0,0
115,34,29,13,13,43,11,0,23,11,1,18,2,9,11,6,16,28,6,12
116,27,18,3,4,28,8,0,26,6,0,6,0,7,5,28,11,19,5,1
117,42,31,14,25,56,23,0,71,17,0,5,3,13,6,40,16,44,9,5
118,3,2,0,0,5,8,0,14,0,0,1,0,0,2,1,1,6,2,1
119,97,71,32,26,70,48,4,88,27,1,6,22,1,11,18,37,66,12,4
120,6,8,2,3,8,2,0,6,2,0,1,0,2,2,5,3,5,0,0
121,15,8,2,2,16,10,1,24,3,0,2,2,1,2,16,3,20,5,3
122,102,82,23,19,117,59,2,111,35,1,38,21,4,27,25,80,88,11,8
123,24,14,3,2,5,19,0,34,5,0,1,6,0,10,3,16,31,3,1
124,8,12,5,5,19,11,0,23,2,1,2,0,0,6,7,7,13,2,0
125,108,71,27,19,139,51,1,153,41,3,25,20,5,25,56,85,86,11,4
126,13,9,3,4,7,8,0,13,2,0,1,3,3,1,5,4,14,3,1
127,1,0,0,0,6,1,0,8,0,1,0,0,1,3,2,0,3,1,1
128,10,8,0,0,10,7,0,11,2,3,3,0,3,9,10,3,10,1,0
129,76,69,22,18,39,14,0,37,30,1,6,8,9,10,24,43,36,8,0
130,10,10,1,2,9,6,0,12,3,0,1,1,0,0,2,4,9,2,1
131,19,15,1,0,11,23,1,40,5,1,3,4,0,9,6,14,25,7,0
132,40,43,22,30,116,52,2,155,44,4,16,10,25,27,96,27,62,6,2
133,10,5,1,1,8,8,0,11,1,0,1,1,1,3,4,4,15,3,0
134,16,11,5,5,8,8,0,14,3,0,3,2,4,2,5,6,11,2,3
135,84,56,6,16,106,43,2,77,39,1,21,0,9,23,30,46,80,7,3
136,31,18,4,7,35,16,0,32,8,0,7,2,4,5,16,11,26,6,4
137,33,33,5,8,34,19,6,75,14,5,13,2,5,11,27,27,29,19,3
138,8,6,3,3,8,1,0,7,3,0,0,1,0,0,4,3,1,0,0
139,49,46,10,7,17,15,0,28,20,0,5,17,2,11,6,25,29,6,3
140,167,112,12,45,133,122,3,337,28,5,6,5,11,41,111,36,174,63,40
141,53,59,24,23,96,30,0,52,29,1,6,19,8,9,26,30,29,6,2
142,13,9,3,4,9,9,0,17,2,0,1,3,3,2,6,3,19,3,1
143,3,10,9,9,46,1,1,13,7,0,0,3,2,0,31,2,1,2,0
144,35,38,13,17,53,19,2,52,18,0,6,3,8,8,40,13,30,6,4
145,7,10,3,3,7,7,0,9,2,0,0,2,2,1,3,3,9,1,1
146,3,2,2,7,11,5,0,11,5,0,2,1,0,4,11,2,6,1,0
147,4,2,1,1,11,3,0,4,1,0,1,0,1,0,4,2,3,1,1
148,17,31,19,13,14,1,0,13,22,0,0,15,5,2,13,9,5,2,0
149,21,14,2,1,4,1,0,4,1,0,6,0,0,1,1,31,12,1,0
150,10,7,0,1,9,4,0,10,2,0,0,0,1,3,5,3,15,0,0
151,9,13,5,13,37,2,0,12,12,0,6,0,4,1,8,4,14,0,0
152,16,10,1,1,16,22,4,40,3,1,1,3,1,8,7,7,24,6,0
153,3,10,4,5,33,6,0,74,9,1,1,2,6,4,32,6,9,2,0
154,20,21,8,8,8,3,0,6,8,0,0,13,0,2,3,15,2,2,0
155,20,20,7,9,25,7,0,5,5,0,1,0,1,0,4,10,7,2,1
156,43,45,10,19,188,66,3,205,31,12,6,1,20,34,94,22,58,28,6
157,3,4,1,3,9,3,0,9,2,0,0,0,0,2,1,1,3,1,0
158,7,4,0,1,10,5,1,7,6,0,5,0,0,1,4,4,10,0,0
159,8,17,12,9,43,2,0,40,12,0,0,3,5,1,41,3,6,3,0
160,69,45,21,30,64,47,0,100,32,2,24,3,17,24,29,55,69,14,1
161,4,14,13,15,22,3,2,9,8,0,1,0,7,1,10,6,3,0,0
162,5,3,1,1,10,9,0,35,1,0,0,1,1,1,14,1,9,3,2
163,3,0,0,1,11,1,0,7,0,1,2,0,0,4,6,1,6,0,0
164,32,18,0,2,5,3,0,9,2,0,2,0,0,0,4,16,13,2,1
165,28,16,2,2,21,17,0,31,3,0,2,0,1,3,15,9,19,2,3
166,83,52,15,15,52,52,2,84,29,3,14,7,3,20,28,34,67,11,3
167,42,54,25,31,86,25,0,32,42,1,8,8,14,5,19,29,22,4,1
168,15,8,3,5,23,25,2,63,5,6,2,0,2,17,14,1,24,13,5
169,42,54,24,46,145,23,3,103,42,0,6,6,50,6,81,25,30,10,3
170,18,12,5,8,14,6,0,23,3,0,1,3,5,1,12,3,18,4,4
171,21,22,8,11,31,18,0,34,15,0,3,0,8,8,8,10,19,2,5
172,10,10,1,2,9,3,0,9,5,0,6,0,1,1,1,4,5,3,1
173,8,7,2,4,11,2,0,10,3,0,1,2,2,0,7,4,5,3,0
174,22,19,2,5,27,8,0,23,5,0,1,2,2,5,14,10,22,3,4
175,0,0,0,2,8,0,0,14,0,0,0,0,3,0,9,0,0,0,0
176,18,14,1,1,11,7,0,12,1,0,1,1,1,1,4,5,16,2,4
177,173,182,96,130,338,111,3,355,132,6,52,51,71,58,214,83,166,30,11
178,22,17,2,3,22,15,2,38,7,0,3,1,0,6,18,10,26,8,1
179,26,18,2,4,30,14,0,22,4,0,3,2,1,4,9,9,29,3,1
180,10,9,1,1,8,2,0,7,6,1,2,0,0,0,2,8,6,1,0
181,22,14,4,8,36,14,0,40,8,0,3,1,6,4,20,3,33,4,3
182,205,140,28,23,289,179,13,468,72,11,47,5,17,77,148,117,239,56,11
183,42,18,0,1,7,9,0,18,1,0,4,0,1,1,3,11,20,8,4
184,55,33,24,5,22,12,8,40,18,0,3,12,0,13,6,38,25,6,0
185,3,12,12,14,17,3,0,20,7,0,0,2,12,3,19,1,6,1,0
186,84,95,16,36,72,17,1,67,44,3,20,3,17,15,41,87,59,7,4
187,56,40,23,8,55,59,17,128,32,8,32,2,4,26,21,34,71,14,5
188,2,1,2,4,22,1,0,22,4,3,0,0,14,9,16,1,9,4,1
189,9,7,2,2,2,9,0,11,5,0,2,5,0,2,2,2,6,2,0
190,15,18,5,6,24,17,2,36,12,1,0,6,1,11,18,9,16,4,0
191,9,7,3,4,25,12,4,46,4,1,0,0,0,4,18,2,17,3,0
192,11,8,0,0,5,5,0,12,1,0,1,1,0,2,3,4,13,3,3
193,7,11,2,0,7,8,0,22,5,0,2,1,0,2,7,6,9,2,0
194,7,3,0,0,11,3,0,7,0,1,1,0,2,1,7,2,4,3,1
195,41,24,2,4,46,36,0,99,6,2,9,1,1,14,23,16,49,13,3
196,13,11,2,2,2,5,0,15,1,0,2,4,1,3,0,6,9,3,0
197,13,3,0,0,10,10,0,15,0,0,1,0,0,2,6,8,12,2,2
198,42,31,4,5,52,33,0,110,9,3,10,2,1,22,43,48,48,12,3
199,67,39,0,1,108,79,5,179,9,4,9,3,1,25,66,22,73,39,7
200,104,87,11,23,167,46,1,111,39,3,8,12,16,13,90,45,65,11,3
201,34,30,5,9,56,10,0,33,14,0,6,1,3,5,32,33,23,3,2
202,125,90,12,16,105,57,3,222,32,6,10,2,9,35,79,61,103,30,16
203,19,17,3,4,11,10,0,16,11,0,1,4,0,3,2,9,16,2,2
204,16,11,13,10,25,22,0,38,11,3,7,5,0,11,6,10,29,7,1
205,12,14,1,3,4,2,1,11,10,0,0,8,2,3,4,3,5,4,1
206,7,8,3,4,8,2,0,12,3,0,0,0,3,3,8,3,9,0,1
207,4,5,0,0,3,1,0,5,2,0,3,0,0,0,1,2,6,0,1
208,14,6,0,0,3,3,0,8,1,0,2,0,0,3,2,5,10,3,0
209,15,11,1,1,5,9,0,21,5,0,2,5,0,6,4,5,11,3,0
210,65,88,22,26,26,5,0,28,36,0,3,26,0,6,8,78,19,2,0
211,48,32,5,6,20,29,0,33,8,1,2,10,4,12,7,23,36,7,0
212,106,86,36,30,86,47,0,93,44,1,13,28,6,18,24,49,53,10,4
213,35,30,7,10,21,8,0,28,18,0,14,8,1,8,11,16,33,4,0
214,4,5,2,3,6,1,0,8,4,0,0,0,2,2,5,3,5,0,0
215,21,16,0,1,40,20,1,52,8,1,3,1,0,9,26,8,16,8,1
216,14,16,15,15,96,19,1,52,15,9,2,2,20,8,36,6,18,5,3
217,163,126,22,52,171,62,0,106,43,3,17,0,18,25,39,72,123,16,7
218,5,6,0,0,10,3,0,5,1,1,2,1,2,2,3,3,3,3,0
219,198,131,36,33,157,105,4,137,53,8,23,19,12,49,46,89,171,10,4
220,87,77,25,26,70,33,1,56,23,0,3,19,8,10,22,50,59,6,5
221,48,37,4,6,105,80,13,192,18,18,14,1,5,40,54,23,63,27,17
222,66,31,7,7,97,57,2,101,9,2,5,9,4,14,37,26,47,14,4
223,25,23,8,9,21,11,1,25,13,1,2,7,3,7,16,13,22,2,1
224,4,4,1,3,33,3,0,19,8,0,1,0,0,1,26,2,3,3,0
225,10,12,2,2,47,6,0,13,8,0,20,0,2,6,14,8,12,0,0
226,101,115,36,65,262,71,6,152,76,0,25,14,31,33,81,61,77,10,9
227,29,21,4,3,17,23,4,60,7,1,1,9,2,9,15,20,30,11,1
228,14,7,2,1,1,4,0,6,1,0,5,0,0,2,1,11,12,1,0
229,20,13,2,5,28,14,0,28,6,0,2,2,1,1,13,5,22,3,1
230,45,37,9,12,36,13,0,29,18,0,12,7,4,7,17,23,33,1,1
231,11,7,0,0,3,7,0,6,1,0,3,2,0,0,3,9,6,0,0
232,251,176,63,101,342,125,15,303,104,1,60,36,42,54,143,108,221,32,6
233,41,34,10,10,38,39,2,79,18,1,4,11,4,15,16,21,40,11,1
234,74,86,35,67,66,21,0,42,37,0,9,1,20,8,18,38,26,3,7
235,14,12,6,9,22,8,1,29,5,0,1,3,6,3,18,5,18,4,1
236,3,2,0,0,14,3,0,5,3,0,8,0,1,3,3,2,6,0,0
237,17,7,1,1,13,14,0,24,3,0,1,2,0,9,7,11,20,3,0
238,17,3,0,0,6,16,0,20,0,1,2,0,0,4,4,0,17,6,4
239,125,82,15,17,82,72,4,119,35,2,7,17,4,25,39,63,98,16,6
240,44,38,10,29,54,11,0,39,20,0,6,3,8,3,23,21,28,5,5
241,10,7,4,1,18,13,0,64,4,0,2,3,4,9,20,10,21,6,1
242,9,10,1,2,11,8,0,16,2,0,2,1,1,2,4,5,16,2,3
243,23,11,3,6,13,9,0,8,5,0,0,1,3,1,6,4,15,4,0
244,42,23,0,1,17,12,0,34,6,1,5,0,0,3,12,15,31,13,3
245,0,1,3,3,5,2,5,6,1,0,0,0,0,0,2,0,1,1,0
246,73,67,31,26,64,24,0,94,50,3,7,26,4,25,46,48,54,5,5
247,53,56,20,22,31,30,0,65,27,1,3,22,7,19,16,31,39,8,2
248,33,34,7,6,12,3,1,4,8,0,0,6,0,2,2,26,9,0,0
249,456,282,73,67,410,192,5,319,124,4,89,100,22,87,113,235,350,38,16
250,2,4,4,4,6,3,0,16,2,0,1,0,3,2,7,2,8,1,1
251,6,3,3,3,5,8,2,15,3,0,1,1,0,2,3,1,9,4,0
252,11,18,19,15,20,1,0,14,14,0,0,6,4,2,5,7,2,0,0
253,1,3,4,0,17,5,8,30,5,1,0,0,2,5,9,2,7,1,1
254,39,33,6,8,25,32,4,61,10,2,8,4,2,19,16,25,49,7,1
255,5,4,3,5,17,2,0,1,0,0,1,0,3,0,1,3,2,1,0
256,69,60,16,21,69,22,1,53,16,0,8,17,1,6,29,60,44,4,3
257,9,5,1,1,8,4,0,3,3,0,0,0,2,1,3,1,4,0,1
258,8,8,5,3,3,4,0,13,5,0,1,1,0,2,4,7,6,1,0
259,4,7,3,4,13,2,0,8,4,0,0,0,1,1,7,4,2,0,0
260,15,16,16,7,56,33,13,76,18,2,14,0,4,14,25,14,32,2,0
261,17,2,0,0,16,19,0,29,2,0,0,3,0,9,4,12,17,4,1
262,4,3,1,1,18,9,0,28,3,1,1,0,1,2,13,2,11,0,0
263,41,46,20,22,91,22,6,100,19,2,2,3,11,9,86,17,23,11,1
264,18,25,9,13,11,1,0,18,12,0,5,3,8,5,9,17,11,7,0
265,37,34,0,4,29,16,0,91,6,0,3,1,2,6,22,52,28,10,3
266,60,37,2,2,63,33,1,43,15,1,7,0,5,6,9,29,42,9,1
267,24,18,0,2,12,3,0,20,5,0,7,1,1,4,7,24,20,2,1
268,21,11,0,0,38,19,0,45,4,3,2,0,2,9,12,11,19,3,1
269,9,8,2,5,9,5,0,9,3,0,1,0,2,2,5,3,13,0,0
270,10,8,2,3,12,6,0,11,3,0,0,0,2,3,9,3,11,0,0
271,10,9,1,1,7,7,0,20,3,1,7,0,2,4,4,16,15,1,0
272,17,10,3,3,6,5,0,8,2,0,1,7,0,1,2,15,9,1,1
273,8,9,6,9,32,8,0,21,6,0,3,3,5,1,14,6,10,1,0
274,390,259,93,138,468,201,13,372,147,7,218,29,47,94,117,199,390,33,24
275,34,31,11,13,180,72,14,205,22,9,3,0,6,24,87,21,62,15,5
276,11,18,6,11,26,0,0,7,7,0,1,2,3,1,5,8,5,2,0
277,13,12,2,4,14,1,0,2,5,0,0,0,1,1,3,10,10,0,0
278,1,1,1,1,10,3,0,9,0,0,1,0,1,3,3,1,3,2,1
279,86,46,2,2,34,45,0,62,12,1,10,16,1,19,8,49,64,12,4
280,23,26,8,21,112,24,1,91,28,0,3,8,11,10,80,8,19,6,0
281,3,3,1,1,10,2,0,8,2,0,0,2,2,0,6,1,2,1,0
282,59,47,15,18,101,61,4,108,24,0,5,7,10,18,33,26,58,13,3
283,6,4,1,4,20,5,0,10,4,0,2,1,0,0,6,4,5,2,0
284,34,22,2,5,51,13,0,13,8,0,0,1,2,2,19,13,24,2,3
285,2,0,0,1,10,7,0,23,0,1,2,0,1,4,6,0,9,1,1
286,29,21,6,9,38,25,0,52,10,1,10,2,3,7,21,12,36,5,1
287,10,15,2,4,44,15,2,47,16,1,4,1,4,6,20,10,14,5,0
288,188,220,66,132,355,106,4,364,100,6,60,19,48,60,144,140,171,54,34
289,3,1,1,1,11,3,3,10,3,0,2,0,3,0,5,2,3,4,2
290,30,35,7,11,61,47,5,164,12,10,20,2,11,27,47,17,54,23,7
291,15,26,6,6,4,2,0,7,15,0,0,14,0,3,2,9,5,1,0
292,204,166,45,66,118,54,1,110,55,0,9,52,13,21,41,97,122,15,8
293,4,2,1,1,3,3,0,6,1,1,1,0,0,1,2,2,4,1,0
294,62,59,9,21,160,47,1,59,31,1,9,0,8,8,26,35,31,8,7
295,12,5,0,1,5,18,0,19,1,1,1,1,0,6,4,2,17,1,1
296,7,5,3,1,3,6,1,15,4,0,0,1,0,3,4,3,7,6,1
297,14,4,0,0,3,21,0,18,0,1,1,1,0,7,2,1,34,1,0
298,194,148,43,15,277,96,9,219,72,4,25,39,10,34,77,140,121,15,6
299,12,6,0,1,2,2,0,5,1,0,7,0,0,1,1,4,8,2,1
300,7,1,0,0,6,8,0,27,1,1,3,3,0,4,8,5,11,5,1
301,20,24,5,8,32,18,0,51,11,0,0,6,3,6,26,11,29,4,1
302,12,7,0,0,6,9,0,15,0,0,0,0,0,4,6,5,16,1,2
303,29,23,0,1,11,2,0,12,1,0,4,1,0,3,3,39,19,1,0
304,76,58,13,22,67,24,0,78,20,0,8,2,12,8,52,47,52,14,7
305,270,152,25,34,160,149,0,296,64,4,61,51,11,64,67,157,241,44,14
306,19,31,35,29,65,8,0,12,15,0,16,7,5,3,23,8,13,0,2
307,114,124,42,67,305,108,3,253,82,5,54,16,37,52,110,57,145,14,10
308,15,34,14,19,20,3,1,17,21,0,0,11,8,1,14,11,6,1,0
309,15,19,1,4,12,18,0,72,8,7,3,1,1,12,17,6,22,16,5
310,13,10,6,6,30,8,1,21,2,0,0,0,1,3,13,3,6,7,3
311,7,4,1,1,4,1,0,9,1,0,1,1,0,0,4,4,3,2,1
312,65,49,0,2,42,30,1,90,16,5,63,1,4,29,20,81,79,22,3
313,121,83,9,12,60,49,0,75,44,3,58,1,5,24,26,96,102,9,5
314,35,26,8,13,40,14,0,41,14,0,5,3,6,7,25,19,28,6,3
315,4,6,1,3,7,1,0,18,3,0,1,0,4,0,8,3,1,3,4
316,11,7,2,4,21,9,1,12,8,1,8,0,4,5,3,6,15,0,0
317,45,16,1,1,29,66,5,109,2,5,10,12,1,21,22,16,73,13,1
318,219,179,91,68,273,136,88,406,111,15,31,60,28,72,105,155,192,44,10
319,12,14,10,8,10,7,0,20,6,0,0,8,5,2,10,9,4,3,0
320,15,8,5,3,6,2,1,3,2,0,1,3,0,1,1,8,3,0,0
321,17,15,3,8,28,8,0,17,7,0,2,3,3,3,16,9,19,2,0
322,18,17,3,5,38,16,1,47,10,2,3,3,2,9,19,10,27,5,0
323,23,20,6,11,24,14,0,45,8,0,4,6,4,6,18,17,24,7,2
324,3,3,0,0,7,4,0,9,2,0,0,0,1,0,4,2,3,0,0
325,36,42,6,12,87,50,0,117,26,9,23,0,10,28,32,32,74,5,4
326,32,23,0,0,16,37,4,117,6,1,3,4,1,12,17,7,48,24,1
327,5,5,3,5,26,13,0,15,1,0,4,2,0,4,8,2,4,1,1
328,56,74,41,50,75,33,1,66,45,0,8,16,22,10,26,33,33,10,5
329,0,1,0,0,6,3,0,8,1,1,2,0,1,1,0,0,3,1,0
330,66,54,14,23,83,41,0,99,33,0,19,8,14,19,35,52,56,13,4
331,54,49,16,13,50,38,1,68,21,1,11,15,5,10,21,29,50,9,3
332,101,68,11,12,65,54,1,126,33,4,14,18,6,19,37,59,72,24,4
333,4,2,0,0,6,2,0,8,0,0,1,0,0,0,3,0,1,2,1
334,48,59,25,22,64,16,1,53,30,0,8,9,8,12,40,29,29,4,1
335,10,3,0,0,12,6,0,9,0,0,2,0,0,1,6,4,8,3,2
336,19,8,4,3,20,18,0,30,5,1,4,1,2,7,15,3,19,7,1
337,23,14,1,5,22,13,0,35,5,0,2,0,2,6,14,10,28,3,2
338,6,6,1,2,5,9,1,14,3,0,2,1,0,3,1,3,8,3,0
339,98,86,16,18,87,66,15,218,33,5,27,36,3,42,47,67,116,43,6
340,16,11,1,1,4,8,0,12,1,0,1,2,1,1,2,8,15,3,1
341,15,16,5,8,38,7,0,11,8,0,1,1,1,1,8,9,9,2,1
342,9,8,2,3,25,7,0,20,2,0,5,0,0,3,6,5,16,0,0
343,14,14,7,3,12,20,3,29,7,1,4,0,0,6,7,9,17,2,1
344,29,27,8,7,16,5,0,19,7,0,1,7,2,6,13,23,12,3,2
345,7,8,0,1,26,2,0,34,3,0,12,0,2,5,23,9,9,2,0
346,13,5,1,0,33,38,2,118,10,6,24,0,1,28,28,4,47,5,1
347,17,17,4,6,18,4,0,15,5,0,1,3,3,4,12,9,16,3,2
348,16,11,0,0,13,21,1,34,5,0,3,2,1,9,8,4,16,7,1
349,10,6,3,5,12,8,0,20,4,0,2,2,3,0,11,2,14,4,2
350,14,15,3,4,18,4,0,7,6,0,2,0,2,2,7,9,15,0,0
351,26,13,4,5,27,35,0,92,10,1,20,9,3,17,29,16,56,7,0
352,102,83,11,11,58,47,0,122,41,2,36,36,2,38,33,82,109,12,3
353,27,15,4,7,28,20,1,28,5,0,6,2,3,4,13,7,30,4,5
354,92,54,8,11,71,44,3,85,13,1,20,8,5,22,42,55,84,12,3
355,9,10,2,4,14,3,0,6,5,0,0,0,2,1,7,9,3,1,1
356,65,53,9,10,175,45,0,144,27,2,4,7,11,13,71,38,51,14,3
357,52,68,32,49,163,54,22,178,55,2,25,17,40,27,100,38,58,14,8
358,1,4,1,1,11,0,0,21,5,0,1,1,1,3,26,5,2,1,0
359,18,22,4,9,20,7,0,38,7,0,3,1,2,4,17,16,21,2,3
360,4,0,0,0,3,5,0,8,1,1,1,0,0,6,1,1,10,1,0
361,37,22,4,3,38,14,0,26,6,0,4,5,4,3,13,9,23,6,0
362,40,22,5,4,14,45,0,55,11,3,14,9,3,18,7,19,48,6,4
363,9,8,0,0,9,5,0,9,3,0,1,0,0,1,5,3,6,0,0
364,12,10,2,3,3,3,0,5,2,0,0,0,2,3,2,5,13,0,0
365,66,54,8,13,115,32,0,45,26,0,8,18,2,6,25,31,24,7,2
366,21,9,2,1,4,10,0,13,4,1,0,7,0,3,1,6,10,4,0
367,22,27,10,24,89,11,0,72,17,1,9,1,8,6,48,15,15,3,4
368,151,69,0,1,53,80,0,149,9,6,25,0,6,37,38,50,165,44,10
369,37,26,4,4,63,24,4,33,8,0,2,4,10,11,11,26,30,6,1
370,35,21,4,3,35,23,1,31,12,1,5,5,0,9,18,13,24,1,0
371,15,19,12,5,6,5,0,15,14,1,4,4,2,5,6,14,11,0,0
372,51,33,5,11,51,35,1,89,13,2,12,3,8,15,39,21,56,17,6
373,17,12,6,12,19,15,0,36,10,0,4,1,4,7,14,7,26,4,2
374,14,14,2,2,8,8,0,10,4,0,7,2,2,1,4,6,16,3,1
375,9,7,3,4,10,6,0,16,2,0,1,1,2,4,8,4,6,1,0
376,68,46,10,12,35,24,0,40,14,2,6,7,1,12,22,40,47,9,2
377,28,28,4,10,43,7,3,46,20,1,18,4,9,8,13,42,18,10,4
378,17,14,6,6,8,18,0,30,8,0,1,9,1,5,1,7,18,4,1
379,12,9,1,2,8,5,0,16,1,0,1,2,1,1,6,5,12,4,1
380,548,357,145,149,326,185,4,288,193,3,170,66,49,88,80,299,408,31,20
381,129,166,69,87,184,39,7,150,103,0,20,27,31,26,86,81,99,9,4
382,114,109,27,37,84,35,0,68,49,0,11,31,9,12,51,49,76,11,3
383,3,2,0,0,12,3,0,25,0,0,2,1,0,3,9,2,5,3,0
384,6,11,2,3,20,12,0,22,3,0,2,0,0,3,11,6,17,5,1
385,52,46,15,24,59,29,1,79,23,2,7,3,18,7,31,31,35,12,8
386,18,10,1,3,15,12,0,15,1,0,4,0,1,6,4,7,22,2,3
387,180,161,46,45,295,186,9,439,92,25,124,6,33,113,130,112,275,36,19
388,3,15,15,18,22,2,0,0,6,0,0,4,4,0,5,0,1,0,0
389,14,11,1,1,11,5,0,8,3,0,0,0,0,3,6,5,15,0,0
390,14,7,7,2,17,10,2,56,9,0,2,1,3,7,20,11,15,4,1
391,62,54,12,15,104,58,3,173,23,8,13,3,18,37,71,37,84,19,6
392,4,5,0,0,6,2,0,8,3,0,1,0,0,0,5,2,4,0,0
393,57,44,2,1,16,24,1,34,16,1,7,18,1,16,6,39,49,3,0
394,8,4,0,1,5,5,0,6,1,0,0,1,0,1,3,1,7,2,1
395,22,19,7,17,20,7,0,13,10,0,0,2,6,2,11,10,12,3,2
396,1,5,8,8,11,5,0,8,4,0,0,0,2,3,4,0,5,0,0
397,2,1,0,0,11,7,0,12,0,1,0,0,0,6,6,1,4,1,0
398,6,12,8,5,16,4,3,21,13,0,2,1,3,5,11,7,5,0,1
399,19,20,6,6,9,6,0,12,7,0,2,1,0,1,3,9,7,4,0
400,19,14,1,1,7,18,0,22,5,0,2,5,0,5,2,14,16,1,0
401,15,47,50,45,41,1,0,12,29,0,1,13,12,1,15,10,2,1,1
402,22,11,2,3,17,11,0,19,2,0,1,1,3,1,9,6,23,1,0
403,10,6,1,1,9,10,0,18,1,0,1,1,0,5,5,5,12,3,1
404,19,9,2,3,19,9,0,35,3,0,3,1,2,2,19,7,20,6,4
405,28,14,3,0,28,37,0,79,14,6,12,1,1,27,12,26,42,6,3
406,3,1,2,2,8,0,0,6,3,0,2,1,1,0,4,1,2,0,0
407,15,11,3,3,2,6,0,8,5,0,0,2,0,1,1,7,8,1,0
408,77,52,1,6,49,29,1,37,28,0,2,19,3,15,9,31,41,9,1
409,11,9,0,2,70,19,1,45,7,0,7,0,5,2,17,6,12,5,3
410,3,8,1,2,86,31,2,97,11,10,2,0,4,15,41,2,21,7,2
411,26,20,3,9,36,15,1,53,6,0,4,2,3,8,25,9,34,6,5
412,12,10,1,2,46,18,5,34,5,5,4,1,1,15,25,5,20,1,1
413,20,4,0,0,15,20,0,26,5,0,2,1,0,1,10,1,12,5,3
414,532,376,116,145,844,362,60,1171,183,13,96,55,96,132,416,269,508,112,44
415,25,15,1,2,30,27,1,46,5,5,4,3,2,13,21,7,29,4,3
416,5,3,0,1,13,10,1,25,4,1,2,0,0,3,10,4,7,4,0
417,16,15,2,3,10,20,0,42,8,0,5,6,0,13,9,15,25,3,0
418,11,21,0,2,20,16,1,49,15,2,2,9,2,11,14,12,21,4,1
419,48,17,2,1,29,31,15,67,4,1,18,6,1,14,11,24,56,17,0
420,38,35,12,10,60,14,6,60,24,2,18,5,11,11,23,30,34,14,0
421,2,5,1,3,8,3,0,27,2,0,1,0,0,2,8,1,5,5,2
422,16,7,1,4,17,8,0,34,4,3,6,0,1,8,9,7,14,9,6
423,7,3,0,0,5,5,0,9,1,0,0,1,0,1,2,5,7,2,1
424,18,3,4,2,41,42,0,71,7,4,17,4,3,37,14,8,62,2,1
425,126,88,18,24,99,65,0,127,29,1,30,6,8,28,48,65,113,16,3
426,12,27,18,20,35,9,0,35,18,0,0,11,7,2,25,9,5,1,0
427,22,10,0,0,15,13,2,35,7,0,2,1,0,10,13,9,23,7,1
428,83,45,14,8,57,25,2,60,26,1,27,4,6,13,22,53,59,13,2
429,16,12,3,7,19,6,0,29,3,1,1,2,3,3,22,5,14,3,4
430,14,16,7,8,19,8,0,27,7,0,2,2,0,7,11,14,11,1,0
431,5,4,0,0,8,2,0,3,2,0,0,0,0,2,5,1,4,1,1
432,72,55,14,17,39,57,0,142,19,1,20,17,4,34,58,45,99,16,1
433,6,2,0,0,4,13,0,12,0,0,1,2,0,5,1,2,11,2,0
434,84,69,21,18,64,49,1,89,26,0,16,11,5,17,30,53,68,14,2
435,17,9,2,3,9,14,0,22,2,0,0,5,1,6,4,8,15,0,2
436,22,21,10,28,49,10,0,37,14,0,2,3,7,2,17,5,24,3,3
437,24,17,0,2,34,24,1,80,4,0,0,1,0,8,27,11,23,13,2
438,257,144,36,37,238,104,9,203,61,2,13,15,18,25,122,97,169,21,6
439,10,9,3,3,4,2,1,7,5,0,0,2,0,0,1,3,3,4,0
440,5,7,2,1,10,1,0,19,3,1,4,0,0,3,4,18,9,1,1
441,25,19,2,1,20,9,0,8,8,0,5,5,0,4,2,12,10,1,0
442,0,1,0,1,1,0,0,0,0,0,0,0,0,0,2,0,0,0,0
443,13,13,1,1,7,8,0,23,7,0,5,5,0,3,7,11,11,2,0
444,11,3,1,3,12,16,0,20,5,0,2,1,1,3,8,4,17,4,1
445,18,17,4,4,22,15,0,39,11,0,3,4,1,7,14,10,22,10,1
446,19,16,5,8,29,11,0,31,8,0,2,3,5,6,21,10,24,3,2
447,32,17,5,10,26,15,0,33,8,0,4,3,5,3,16,7,31,4,6
448,375,287,85,108,665,211,19,440,108,3,31,60,49,66,160,182,282,41,40
449,8,5,0,0,13,11,1,16,1,0,1,0,0,5,5,3,10,5,1
450,16,8,1,2,12,5,0,26,3,0,5,0,3,4,7,8,11,3,2
451,12,10,2,3,12,5,0,10,3,0,1,0,2,2,9,4,17,0,0
452,111,66,3,3,59,39,0,54,13,1,23,0,3,22,21,61,83,9,1
453,82,51,11,11,147,56,1,111,16,1,10,2,6,21,59,35,82,17,3
454,5,4,2,0,9,11,0,25,4,1,15,0,0,14,5,4,22,2,0
455,15,10,4,5,18,10,0,31,5,0,2,3,4,2,15,5,20,6,3
456,10,10,3,6,18,4,0,12,6,0,2,0,2,4,10,5,12,0,0
457,18,18,2,2,11,4,0,9,3,0,2,0,2,3,5,13,9,1,0
458,20,14,4,6,22,8,0,27,4,0,0,3,4,1,21,6,21,4,1
459,13,15,9,7,5,1,0,9,4,0,0,5,0,3,1,10,5,1,1
460,26,28,12,13,23,14,0,41,15,0,4,7,1,11,14,20,23,3,0
461,1,1,0,0,6,5,0,16,1,0,2,0,0,2,6,0,3,2,1
462,49,37,5,5,117,61,66,198,24,9,20,5,11,22,41,32,67,28,7
463,17,10,1,1,8,4,1,17,3,0,3,1,1,1,6,4,7,12,0
464,58,41,2,5,21,31,0,56,10,1,6,7,2,13,19,30,54,12,4
465,42,21,1,1,15,34,0,55,3,8,8,0,2,21,17,23,65,22,4
466,59,53,14,16,32,20,0,38,22,0,2,22,1,10,13,26,37,5,0
467,4,0,0,0,3,0,0,12,0,0,0,0,0,0,7,0,1,8,1
468,9,8,3,4,9,7,0,12,4,0,1,2,2,2,4,3,11,2,2
469,114,89,7,15,153,70,0,177,33,13,34,0,12,38,67,91,114,25,11
470,26,21,4,8,28,17,0,34,9,0,1,3,4,5,17,8,30,6,2
471,12,10,6,6,13,4,0,12,6,0,1,4,1,1,6,7,8,5,0
472,4,5,0,0,9,8,0,15,5,0,1,3,0,2,2,3,5,0,0
473,3,3,2,1,14,4,2,20,6,0,1,0,0,4,8,4,7,0,0
474,179,230,70,106,618,223,91,1107,118,48,77,17,122,135,455,128,315,106,43
475,96,102,24,26,45,12,0,21,38,0,3,36,3,4,10,79,40,4,1
476,14,17,11,19,26,7,0,32,8,0,0,3,6,3,22,4,19,3,2
477,169,157,78,74,234,57,8,221,96,6,40,25,18,51,66,175,119,19,8
478,5,6,3,4,5,2,0,5,4,0,0,1,2,2,2,3,1,0,1
479,13,18,11,16,76,12,1,63,12,0,4,0,12,4,36,14,17,4,4
480,185,149,38,49,292,121,13,342,90,5,45,15,26,55,126,85,166,39,10
481,5,2,0,1,1,4,0,11,0,1,0,0,0,4,5,4,7,1,0
482,53,34,3,8,41,11,0,35,14,0,5,5,3,7,21,22,35,1,1
483,201,185,91,79,311,94,5,244,127,3,33,37,42,50,150,133,128,26,9
484,39,28,28,43,154,43,1,80,31,1,18,11,20,27,57,18,47,4,0
485,10,8,1,1,4,5,0,9,0,0,1,1,1,0,3,3,11,3,1
486,35,25,1,2,11,15,0,13,6,0,2,1,1,4,7,11,28,4,2
487,14,16,7,6,17,8,0,21,9,0,4,2,0,5,12,10,13,3,0
488,8,23,14,16,53,10,2,49,19,2,3,4,8,5,29,2,6,5,1
489,133,119,35,39,198,67,3,219,74,2,43,25,33,40,151,75,122,21,7
490,20,23,6,5,39,14,0,56,17,0,2,12,1,7,28,12,22,3,0
491,6,11,4,6,49,6,0,24,14,0,0,5,0,2,22,2,1,1,0
492,39,27,5,14,54,13,0,30,10,0,8,0,4,5,14,15,42,1,0
493,45,17,0,0,10,15,0,18,4,0,3,0,0,0,5,12,19,3,2
494,16,11,0,0,0,4,0,6,0,0,2,0,0,0,0,9,4,3,1
495,79,49,7,6,89,53,2,125,17,2,9,13,5,19,31,38,73,15,1
496,8,9,3,2,5,3,0,13,5,0,1,3,3,1,10,5,1,0,0
497,9,7,3,3,8,10,0,25,3,0,3,2,1,6,8,5,12,4,0
498,12,12,2,3,12,6,0,14,0,0,0,2,2,2,4,3,14,3,1
499,6,7,1,2,5,1,1,10,3,0,5,0,5,1,1,2,6,0,7
500,8,16,20,17,52,5,0,21,12,0,2,2,10,2,20,6,6,1,0
501,11,12,3,5,13,10,0,13,1,0,2,0,1,4,6,5,17,1,0
502,3,5,3,3,11,6,0,12,2,0,4,0,4,1,2,8,6,1,1
503,9,8,5,5,19,18,1,57,3,0,8,3,4,9,12,12,23,5,0
504,5,8,3,5,47,18,4,52,10,0,1,1,2,5,34,2,15,2,1
505,10,2,4,5,10,3,0,9,6,0,16,0,4,4,1,7,11,0,0
506,2,2,0,1,14,6,1,24,3,0,2,1,1,1,18,3,4,1,1
507,8,5,1,2,4,4,0,9,1,0,2,2,1,1,6,3,8,3,2
508,0,3,0,0,5,0,0,2,0,0,0,0,0,0,0,4,0,1,1
509,110,164,106,119,194,36,1,152,120,2,16,47,47,23,114,78,53,6,6
510,20,14,1,3,33,19,1,42,7,2,4,1,1,7,14,7,15,5,2
511,22,18,1,3,8,5,0,30,6,0,4,6,1,4,5,21,16,3,1
512,19,12,3,5,12,9,0,23,5,0,2,3,3,5,9,8,21,5,2
513,10,10,1,1,9,3,0,12,4,0,2,1,1,2,6,7,8,4,3
514,84,64,22,34,125,43,5,121,37,2,47,12,17,22,42,57,75,9,6
515,14,7,1,1,1,10,0,13,1,0,1,4,0,4,2,10,8,5,0
516,5,8,1,1,13,5,0,10,3,0,0,0,0,0,6,3,3,4,1
517,29,64,38,66,82,18,1,94,46,0,2,15,38,11,56,16,23,15,2
518,7,6,2,2,6,3,0,10,2,0,3,1,2,3,3,6,7,1,0
519,7,2,0,0,14,11,0,12,0,0,0,1,0,1,9,1,4,1,0
520,61,61,10,12,88,23,1,49,28,1,13,3,5,10,22,61,34,5,3
521,10,9,1,3,14,9,0,20,4,0,0,0,2,5,10,5,16,0,0
522,70,52,10,5,59,45,2,79,20,1,4,19,6,19,18,49,52,9,2
523,23,29,24,14,21,12,0,39,28,0,4,6,4,3,18,12,13,4,0
524,60,44,2,4,31,13,0,36,11,1,5,1,2,5,13,24,38,11,5
525,114,141,77,91,210,41,29,171,76,1,9,44,58,17,122,74,70,12,2
526,7,9,3,3,25,13,0,45,2,0,1,1,0,2,13,3,6,3,0
527,43,82,16,38,47,7,1,51,27,1,20,3,19,10,21,37,32,7,3
528,26,10,3,2,11,24,1,32,2,1,2,7,0,5,5,6,24,4,0
529,8,10,2,4,8,0,0,2,5,0,0,0,2,2,2,4,7,0,0
530,7,5,0,1,9,3,0,15,1,0,1,1,0,1,9,4,12,2,1
531,8,13,0,1,3,2,0,5,2,0,1,0,1,0,2,5,5,0,1
532,28,8,0,0,3,21,0,27,1,1,6,0,0,3,5,9,21,5,1
533,12,8,3,3,14,6,0,12,5,0,22,1,1,5,4,12,13,1,1
534,275,242,84,83,210,56,0,97,107,1,32,70,22,19,54,151,119,17,6
535,2,0,1,0,10,2,0,5,0,0,1,0,1,1,5,1,1,0,0
536,7,6,0,0,10,2,0,18,0,0,2,1,0,2,2,4,11,3,3
537,15,9,0,0,14,18,1,20,8,0,1,6,0,2,2,4,14,2,1
538,3,12,8,11,21,1,0,12,7,0,0,5,13,1,12,2,0,1,1
539,10,15,10,12,27,5,0,9,8,0,2,1,1,0,6,2,0,1,0
540,21,14,1,2,13,9,0,10,6,1,5,3,1,5,3,12,17,1,0
541,24,21,9,9,30,13,0,30,5,0,5,2,5,4,16,7,26,3,4
542,22,21,13,15,44,19,1,35,13,0,4,3,9,8,17,20,27,1,1
543,15,11,7,8,42,13,0,19,7,0,6,4,3,4,18,11,12,2,1
544,7,6,1,1,6,1,1,8,1,0,1,0,0,2,4,3,7,0,0
545,8,4,0,2,6,4,0,4,1,0,1,1,0,3,2,5,9,3,1
546,13,7,0,1,10,4,0,14,2,0,17,0,0,2,3,10,15,1,0
547,3,0,0,0,5,3,2,11,2,1,0,0,1,2,6,2,5,2,0
548,12,7,0,0,8,5,1,11,1,0,0,1,0,1,3,5,4,2,0
549,12,4,0,0,0,7,0,8,2,0,0,2,0,2,0,4,7,2,0
550,15,14,4,3,6,6,0,11,2,0,0,7,0,1,3,15,8,3,0
551,72,47,6,5,20,27,1,42,9,1,3,15,0,12,11,33,49,11,0
552,38,40,10,12,69,23,0,71,18,3,8,1,14,10,29,23,32,11,2
553,18,7,0,0,21,47,4,51,1,1,0,0,0,7,11,4,35,1,0
554,8,10,11,17,25,5,0,40,11,0,4,2,28,2,27,5,9,4,1
555,113,86,8,27,240,57,1,171,37,1,58,1,10,28,84,103,104,16,10
556,12,26,2,6,3,0,0,7,26,0,2,11,2,3,4,4,4,0,0
557,13,15,3,3,6,3,0,6,4,0,1,1,0,1,3,7,6,2,0
558,10,11,3,6,16,10,0,28,11,0,3,0,2,5,12,3,18,4,0
559,52,38,14,21,51,17,0,40,18,0,5,3,12,5,25,24,38,4,2
560,150,102,35,22,162,80,11,202,55,2,22,23,17,42,79,98,126,16,10
561,213,153,27,35,158,78,0,152,63,5,40,38,9,38,47,121,138,34,5
562,50,37,11,15,82,40,1,114,21,2,56,8,5,20,54,34,71,8,2
563,13,27,17,31,131,9,0,87,24,0,6,8,23,3,109,10,10,4,0
564,26,13,0,1,136,23,0,35,5,0,1,1,1,4,47,6,12,2,1
565,6,5,1,2,13,7,0,10,1,0,0,1,1,3,7,1,11,2,1
566,19,15,1,2,28,8,0,28,4,0,1,1,1,3,23,9,20,6,3
567,53,66,40,26,52,14,1,94,25,1,8,26,3,16,19,49,40,12,2
568,1,3,0,1,10,3,0,15,1,0,1,0,2,1,4,2,5,3,1
569,11,10,2,2,7,7,0,5,1,0,0,1,2,1,4,3,11,1,1
570,73,64,8,12,55,29,0,82,23,0,12,4,2,20,36,52,61,10,1
571,6,6,1,0,9,1,0,8,8,0,43,0,1,6,3,10,19,0,0
572,27,26,5,5,50,21,0,80,5,1,3,1,2,12,40,14,25,20,6
573,137,100,24,26,91,57,4,83,35,2,26,27,9,25,23,67,99,17,2
574,7,8,2,2,7,5,0,9,1,0,1,2,2,1,3,3,9,2,0
575,3,2,0,0,19,5,0,10,2,0,2,0,0,1,6,1,7,1,0
576,7,5,2,1,8,2,0,3,5,0,3,0,0,1,1,5,4,0,0
577,65,55,2,10,32,18,0,79,8,0,8,0,3,7,22,40,33,22,4
578,2,1,0,1,9,1,0,19,2,0,1,0,0,1,14,0,4,0,0
579,19,16,17,19,29,4,0,32,8,0,2,2,12,5,22,11,14,5,0
580,156,107,15,18,83,88,2,179,32,3,30,12,5,41,54,137,153,20,12
581,7,14,5,6,7,5,0,24,10,0,1,4,0,3,9,9,8,5,0
582,32,26,8,5,8,8,0,20,10,0,2,23,0,7,3,24,21,3,1
583,1,9,10,12,42,5,0,11,7,0,3,2,8,0,22,0,2,1,0
584,28,18,5,10,28,12,0,30,7,0,4,3,5,5,16,13,28,3,1
585,9,3,2,1,16,32,1,44,1,1,0,2,0,9,2,4,22,2,0
586,114,117,50,53,63,22,0,50,45,0,5,36,6,9,21,70,50,9,3
587,24,27,3,9,107,20,0,75,11,2,1,0,6,9,53,22,18,6,5
588,15,8,1,1,9,15,0,26,0,0,2,2,1,5,5,4,22,4,2
589,4,5,0,3,9,8,1,25,2,0,1,1,0,2,7,3,14,3,1
590,219,180,32,63,232,118,2,289,73,22,35,22,35,63,110,104,182,46,25
591,12,13,5,4,17,2,0,15,1,0,2,0,1,4,7,8,8,1,1
592,38,29,5,8,36,18,0,24,12,0,5,3,4,4,14,15,30,3,6
593,19,23,7,10,31,15,0,42,10,1,1,5,7,5,30,9,15,5,0
594,83,38,5,14,84,20,1,72,14,0,14,4,8,6,86,34,47,6,1
595,3,3,2,2,6,3,0,10,3,0,0,0,1,2,5,4,5,0,0
596,180,151,48,44,111,55,2,133,74,2,20,45,20,37,61,128,85,9,3
597,98,66,8,19,188,66,2,181,31,11,15,0,15,35,82,35,92,21,8
598,5,6,0,0,6,3,0,8,3,0,0,2,0,2,8,4,4,0,0
599,574,338,133,98,615,332,47,827,184,27,121,49,49,134,277,315,455,69,35
600,86,123,55,95,304,59,12,223,113,3,48,8,56,31,127,66,96,10,10
601,37,40,21,18,20,17,1,49,19,0,1,10,0,12,16,20,25,8,1
602,41,25,2,6,31,28,1,59,6,2,3,2,2,10,22,14,51,7,3
603,110,71,2,11,249,125,26,456,40,22,63,0,27,63,174,54,165,26,17
604,31,19,7,13,27,19,0,38,12,0,22,2,4,4,13,16,29,2,2
605,60,93,23,49,78,8,1,51,122,0,11,14,23,7,54,23,19,8,3
606,122,135,42,47,398,124,5,687,94,8,46,13,44,90,349,73,186,63,17
607,67,39,5,17,48,25,0,77,21,0,34,1,4,17,26,31,58,5,2
608,238,155,46,52,245,134,4,253,88,3,85,11,26,64,82,142,240,17,8
609,11,10,1,2,7,6,2,19,1,0,2,1,0,0,5,5,14,4,1
610,480,256,66,55,395,261,5,466,140,10,282,80,14,117,114,233,474,46,32
